sku,serial,authnum,filename
ZIMB91U,AB5580659,
ZIMB91U,AA5885429,
ZIMB91U,AA2524371,
ZIMB91U,AA0745362,
ZIMB91U,AB4106623,
ZIMB91U,AA5644622,
ZIMB91U,NA,,1_67.jpg
ZIMB91U,AB0089674,
ZIMB91U,AA2516301,
ZIMB91U,AA3254655,
ZIMB91U,AB5053924,
ZIMB91U,AB0281869,
ZIMB91U,AA3234873,
ZIMB91U,AA7653006,
ZIMB91U,NA,,1_159.jpg
ZIMB91U,AB5283005,
ZIMB91U,AB3138567,
ZIMB91U,NA,,1_63.jpg
ZIMB91U,AB2304529,
ZIMB91U,AB2120514,
ZIMB91U,AA5168689,
ZIMB91U,NA,,1_61.jpg
ZIMB91U,AB0674044,
ZIMB91U,AB2899678,
ZIMB91U,AB1334310,
ZIMB91U,AB1037155,
ZIMB91U,AB5473540,
ZIMB91U,AA9254317,
ZIMB91U,AA3091190,
ZIMB91U,AB0643132,
ZIMB91U,AB2815280,
ZIMB91U,AA2108802,
ZIMB91U,AA3522485,
ZIMB91U,AA3569387,
ZIMB91U,AB3723928,
ZIMB91U,NA,,1_113.jpg
ZIMB91U,NA,,1_107.jpg
ZIMB91U,NA,,1_111.jpg
ZIMB91U,AB1905828,
ZIMB91U,AB3752514,
ZIMB91U,AB5049088,
ZIMB91U,AB3599976,
ZIMB91U,AB4824871,
ZIMB91U,AB1903935,
ZIMB91U,AB1379956,
ZIMB91U,AB5385524,
ZIMB91U,AB3878611,
ZIMB91U,NA,,1_25.jpg
ZIMB91U,AB2276959,
ZIMB91U,AB2276958,
ZIMB91U,AB1279827,
ZIMB91U,AB1949803,
ZIMB91U,AB4564438,
ZIMB91U,AA7711321,
ZIMB91U,NA,,1_133.jpg
ZIMB91U,AB0288922,
ZIMB91U,AA6990368,
ZIMB91U,NA,,1_21.jpg
ZIMB91U,AB0241226,
ZIMB91U,AB2729677,
ZIMB91U,NA,,1_7.jpg
ZIMB91U,NA,,1_119.jpg
ZIMB91U,AA8718121,
ZIMB91U,AA4766584,
ZIMB91U,AB3725200,
ZIMB91U,AA3310329,
ZIMB91U,AB1019949,
ZIMB91U,AA4416165,
ZIMB91U,NA,,1_79.jpg
ZIMB91U,AA5015914,
ZIMB91U,NA,,1_93.jpg
ZIMB91U,AB2870286,
ZIMB91U,AB0018079,
ZIMB91U,AB1831477,
ZIMB91U,AB4421274,
ZIMB91U,AB0650876,
ZIMB91U,AA3282500,
ZIMB91U,AA7518298,
ZIMB91U,AA2583711,
ZIMB91U,AA6088340,
ZIMB91U,AA4997270,
ZIMB91U,NA,,1_183.jpg
ZIMB91U,AB2020470,
ZIMB91U,AB0415103,
ZIMB91U,AA5210093,
ZIMB91U,AB2973691,
ZIMB91U,AA3756612,
ZIMB91U,AB4673287,
ZIMB91U,AA1371274,
ZIMB91U,NA,,1_151.jpg
ZIMB91U,AA2443682,
ZIMB91U,AB4699946,
ZIMB91U,AB0981064,
ZIMB91U,AA3582097,
ZIMB91U,AA7481780,
ZIMB91U,AB1063554,
ZIMB91U,AA7743820,
ZIMB91U,AA2215807,
ZIMB91U,AB2870055,
ZIMB91U,AA9088469,
